Genus,Species,GenSpe,Unique names generated:
Genus,Species,GenSpc,4 of 25
Genus,Species,GenSpi
Genus,Species,GenSps
Genus,Species,GenSps***
Genus,Species,GenSps***
Genus,Species,GenSps***
Genus,Species,GenSps***
Genus,Species,GenSps***
Genus,Species,GenSps***
Genus,Species,GenSps***
Genus,Species,GenSps***
Genus,Species,GenSps***
Genus,Species,GenSps***
Genus,Species,GenSps***
Genus,Species,GenSps***
Genus,Species,GenSps***
Genus,Species,GenSps***
Genus,Species,GenSps***
Genus,Species,GenSps***
Genus,Species,GenSps***
Genus,Species,GenSps***
Genus,Species,GenSps***
Genus,Species,GenSps***
Genus,Species,GenSps***
